return_id,order_reference,product_model,received_date,condition,disposition,quantity,days_in_storage,processing_stage
DEMO-RET-0001,DEMO-ORDER-0001,EV-DEMO-A,2026-07-22,Used - Missing Accessories,HOLD,1,10,Received
DEMO-RET-0002,DEMO-ORDER-0002,EV-DEMO-A,2026-08-13,Used - Cosmetic Wear,HOLD,1,38,Closed
DEMO-RET-0003,DEMO-ORDER-0003,EV-DEMO-B,2026-08-18,Used - Cosmetic Wear,REPAIR,1,6,Pending Review
DEMO-RET-0004,DEMO-ORDER-0004,EV-DEMO-A,2026-07-03,Used - Cosmetic Wear,HOLD,1,15,Received
DEMO-RET-0005,DEMO-ORDER-0005,EV-DEMO-A,2026-09-26,Like New,HOLD,1,45,Received
DEMO-RET-0006,DEMO-ORDER-0006,EV-DEMO-B,2026-08-09,Used - Missing Accessories,HOLD,1,10,Received
DEMO-RET-0007,DEMO-ORDER-0007,EV-DEMO-B,2026-08-09,Used - Missing Accessories,HOLD,1,40,Pending Review
DEMO-RET-0008,DEMO-ORDER-0008,EV-DEMO-D,2026-07-08,Used - Cosmetic Wear,REPAIR,1,24,Closed
DEMO-RET-0009,DEMO-ORDER-0009,EV-DEMO-C,2026-08-30,Used - Missing Accessories,HOLD,1,10,Pending Review
DEMO-RET-0010,DEMO-ORDER-0010,EV-DEMO-D,2026-07-02,Used - Cosmetic Wear,HOLD,1,15,Pending Review
DEMO-RET-0011,DEMO-ORDER-0011,EV-DEMO-A,2026-09-07,Damaged,DISPOSE,1,31,Received
DEMO-RET-0012,DEMO-ORDER-0012,EV-DEMO-A,2026-08-06,Damaged,HOLD,1,8,Inspected
DEMO-RET-0013,DEMO-ORDER-0013,EV-DEMO-C,2026-08-10,Used - Missing Accessories,HOLD,1,17,Inspected
DEMO-RET-0014,DEMO-ORDER-0014,EV-DEMO-D,2026-07-16,Like New,RESTOCK,1,45,Closed
DEMO-RET-0015,DEMO-ORDER-0015,EV-DEMO-D,2026-07-17,Damaged,HOLD,1,10,Received
DEMO-RET-0016,DEMO-ORDER-0016,EV-DEMO-C,2026-10-03,Like New,HOLD,1,21,Received
DEMO-RET-0017,DEMO-ORDER-0017,EV-DEMO-C,2026-09-29,Used - Cosmetic Wear,HOLD,1,4,Received
DEMO-RET-0018,DEMO-ORDER-0018,EV-DEMO-C,2026-07-01,Used - Missing Accessories,HOLD,1,19,Received
DEMO-RET-0019,DEMO-ORDER-0019,EV-DEMO-D,2026-08-16,Used - Missing Accessories,HOLD,1,38,Inspected
DEMO-RET-0020,DEMO-ORDER-0020,EV-DEMO-B,2026-07-19,Used - Missing Accessories,HOLD,1,1,Inspected
DEMO-RET-0021,DEMO-ORDER-0021,EV-DEMO-B,2026-07-17,Used - Cosmetic Wear,HOLD,1,29,Received
DEMO-RET-0022,DEMO-ORDER-0022,EV-DEMO-B,2026-09-12,Used - Cosmetic Wear,HOLD,1,15,Closed
DEMO-RET-0023,DEMO-ORDER-0023,EV-DEMO-C,2026-09-19,Damaged,DISPOSE,1,13,Inspected
DEMO-RET-0024,DEMO-ORDER-0024,EV-DEMO-A,2026-09-24,Used - Cosmetic Wear,REPAIR,1,17,Closed
DEMO-RET-0025,DEMO-ORDER-0025,EV-DEMO-C,2026-07-02,Like New,HOLD,1,4,Closed
DEMO-RET-0026,DEMO-ORDER-0026,EV-DEMO-D,2026-08-27,Like New,RESTOCK,1,14,Received
DEMO-RET-0027,DEMO-ORDER-0027,EV-DEMO-A,2026-07-11,Used - Cosmetic Wear,HOLD,1,37,Inspected
DEMO-RET-0028,DEMO-ORDER-0028,EV-DEMO-B,2026-07-20,Damaged,DISPOSE,1,19,Closed
DEMO-RET-0029,DEMO-ORDER-0029,EV-DEMO-D,2026-07-14,Used - Missing Accessories,HOLD,1,44,Closed
DEMO-RET-0030,DEMO-ORDER-0030,EV-DEMO-C,2026-08-12,Like New,RESTOCK,1,28,Pending Review
DEMO-RET-0031,DEMO-ORDER-0031,EV-DEMO-C,2026-07-11,Like New,RESTOCK,1,16,Pending Review
DEMO-RET-0032,DEMO-ORDER-0032,EV-DEMO-B,2026-08-16,Damaged,DISPOSE,1,12,Received
DEMO-RET-0033,DEMO-ORDER-0033,EV-DEMO-C,2026-08-28,Like New,RESTOCK,1,10,Pending Review
DEMO-RET-0034,DEMO-ORDER-0034,EV-DEMO-C,2026-08-07,Like New,RESTOCK,1,35,Closed
DEMO-RET-0035,DEMO-ORDER-0035,EV-DEMO-B,2026-09-05,Used - Missing Accessories,HOLD,1,23,Received
DEMO-RET-0036,DEMO-ORDER-0036,EV-DEMO-B,2026-09-25,Used - Cosmetic Wear,REPAIR,1,32,Inspected
DEMO-RET-0037,DEMO-ORDER-0037,EV-DEMO-A,2026-07-19,Used - Cosmetic Wear,HOLD,1,23,Inspected
DEMO-RET-0038,DEMO-ORDER-0038,EV-DEMO-B,2026-07-06,Used - Cosmetic Wear,REPAIR,1,7,Closed
DEMO-RET-0039,DEMO-ORDER-0039,EV-DEMO-C,2026-07-15,Used - Cosmetic Wear,HOLD,1,18,Closed
DEMO-RET-0040,DEMO-ORDER-0040,EV-DEMO-B,2026-08-24,Used - Cosmetic Wear,REPAIR,1,21,Inspected
DEMO-RET-0041,DEMO-ORDER-0041,EV-DEMO-C,2026-08-15,Used - Cosmetic Wear,HOLD,1,12,Received
DEMO-RET-0042,DEMO-ORDER-0042,EV-DEMO-C,2026-07-31,Used - Missing Accessories,HOLD,1,40,Closed
DEMO-RET-0043,DEMO-ORDER-0043,EV-DEMO-B,2026-08-23,Damaged,DISPOSE,1,14,Pending Review
DEMO-RET-0044,DEMO-ORDER-0044,EV-DEMO-C,2026-07-13,Like New,RESTOCK,1,38,Pending Review
DEMO-RET-0045,DEMO-ORDER-0045,EV-DEMO-B,2026-08-20,Like New,RESTOCK,1,27,Inspected
DEMO-RET-0046,DEMO-ORDER-0046,EV-DEMO-B,2026-07-23,Used - Cosmetic Wear,HOLD,1,29,Closed
DEMO-RET-0047,DEMO-ORDER-0047,EV-DEMO-B,2026-07-12,Used - Missing Accessories,HOLD,1,25,Received
DEMO-RET-0048,DEMO-ORDER-0048,EV-DEMO-A,2026-07-13,Damaged,DISPOSE,1,27,Inspected
DEMO-RET-0049,DEMO-ORDER-0049,EV-DEMO-A,2026-08-21,Used - Cosmetic Wear,REPAIR,1,34,Pending Review
DEMO-RET-0050,DEMO-ORDER-0050,EV-DEMO-B,2026-08-09,Like New,HOLD,1,39,Pending Review
DEMO-RET-0051,DEMO-ORDER-0051,EV-DEMO-D,2026-08-25,Used - Cosmetic Wear,REPAIR,1,22,Closed
DEMO-RET-0052,DEMO-ORDER-0052,EV-DEMO-D,2026-07-10,Used - Cosmetic Wear,HOLD,1,37,Closed
DEMO-RET-0053,DEMO-ORDER-0053,EV-DEMO-A,2026-08-30,Like New,RESTOCK,1,22,Received
DEMO-RET-0054,DEMO-ORDER-0054,EV-DEMO-C,2026-09-15,Used - Cosmetic Wear,REPAIR,1,14,Pending Review
DEMO-RET-0055,DEMO-ORDER-0055,EV-DEMO-B,2026-09-21,Like New,RESTOCK,1,29,Inspected
DEMO-RET-0056,DEMO-ORDER-0056,EV-DEMO-D,2026-09-24,Like New,HOLD,1,33,Inspected
DEMO-RET-0057,DEMO-ORDER-0057,EV-DEMO-B,2026-09-17,Used - Missing Accessories,HOLD,1,16,Pending Review
DEMO-RET-0058,DEMO-ORDER-0058,EV-DEMO-C,2026-08-06,Used - Cosmetic Wear,REPAIR,1,4,Closed
DEMO-RET-0059,DEMO-ORDER-0059,EV-DEMO-C,2026-07-05,Used - Missing Accessories,HOLD,1,28,Inspected
DEMO-RET-0060,DEMO-ORDER-0060,EV-DEMO-D,2026-09-15,Used - Cosmetic Wear,REPAIR,1,42,Received
DEMO-RET-0061,DEMO-ORDER-0061,EV-DEMO-D,2026-07-29,Used - Cosmetic Wear,HOLD,1,4,Received
DEMO-RET-0062,DEMO-ORDER-0062,EV-DEMO-B,2026-09-21,Used - Cosmetic Wear,HOLD,1,44,Inspected
DEMO-RET-0063,DEMO-ORDER-0063,EV-DEMO-A,2026-08-14,Used - Missing Accessories,HOLD,1,11,Inspected
DEMO-RET-0064,DEMO-ORDER-0064,EV-DEMO-C,2026-09-16,Used - Cosmetic Wear,REPAIR,1,21,Closed
DEMO-RET-0065,DEMO-ORDER-0065,EV-DEMO-C,2026-08-06,Like New,RESTOCK,1,44,Closed
DEMO-RET-0066,DEMO-ORDER-0066,EV-DEMO-D,2026-07-16,Like New,HOLD,1,30,Inspected
DEMO-RET-0067,DEMO-ORDER-0067,EV-DEMO-B,2026-09-26,Damaged,DISPOSE,1,1,Received
DEMO-RET-0068,DEMO-ORDER-0068,EV-DEMO-A,2026-07-24,Used - Missing Accessories,HOLD,1,24,Pending Review
DEMO-RET-0069,DEMO-ORDER-0069,EV-DEMO-C,2026-07-10,Used - Cosmetic Wear,REPAIR,1,1,Pending Review
DEMO-RET-0070,DEMO-ORDER-0070,EV-DEMO-D,2026-10-01,Like New,RESTOCK,1,16,Pending Review
DEMO-RET-0071,DEMO-ORDER-0071,EV-DEMO-B,2026-09-11,Like New,RESTOCK,1,16,Closed
DEMO-RET-0072,DEMO-ORDER-0072,EV-DEMO-C,2026-08-08,Like New,HOLD,1,25,Closed
DEMO-RET-0073,DEMO-ORDER-0073,EV-DEMO-C,2026-08-18,Like New,RESTOCK,1,6,Closed
DEMO-RET-0074,DEMO-ORDER-0074,EV-DEMO-D,2026-07-01,Used - Cosmetic Wear,REPAIR,1,27,Closed
DEMO-RET-0075,DEMO-ORDER-0075,EV-DEMO-B,2026-08-29,Used - Cosmetic Wear,REPAIR,1,17,Received
DEMO-RET-0076,DEMO-ORDER-0076,EV-DEMO-A,2026-09-13,Used - Cosmetic Wear,HOLD,1,8,Inspected
DEMO-RET-0077,DEMO-ORDER-0077,EV-DEMO-B,2026-08-23,Used - Missing Accessories,HOLD,1,34,Pending Review
DEMO-RET-0078,DEMO-ORDER-0078,EV-DEMO-B,2026-10-03,Like New,RESTOCK,1,22,Inspected
DEMO-RET-0079,DEMO-ORDER-0079,EV-DEMO-A,2026-07-16,Like New,RESTOCK,1,30,Received
DEMO-RET-0080,DEMO-ORDER-0080,EV-DEMO-B,2026-09-17,Damaged,HOLD,1,3,Inspected
DEMO-RET-0081,DEMO-ORDER-0081,EV-DEMO-C,2026-07-15,Damaged,HOLD,1,24,Inspected
DEMO-RET-0082,DEMO-ORDER-0082,EV-DEMO-A,2026-09-08,Used - Cosmetic Wear,REPAIR,1,23,Received
DEMO-RET-0083,DEMO-ORDER-0083,EV-DEMO-B,2026-09-08,Like New,HOLD,1,10,Closed
DEMO-RET-0084,DEMO-ORDER-0084,EV-DEMO-A,2026-09-28,Like New,HOLD,1,6,Inspected
DEMO-RET-0085,DEMO-ORDER-0085,EV-DEMO-A,2026-08-05,Like New,HOLD,1,9,Pending Review
DEMO-RET-0086,DEMO-ORDER-0086,EV-DEMO-C,2026-07-04,Used - Missing Accessories,HOLD,1,36,Closed
DEMO-RET-0087,DEMO-ORDER-0087,EV-DEMO-B,2026-07-15,Like New,RESTOCK,1,33,Received
DEMO-RET-0088,DEMO-ORDER-0088,EV-DEMO-C,2026-08-24,Like New,HOLD,1,12,Received
DEMO-RET-0089,DEMO-ORDER-0089,EV-DEMO-B,2026-07-03,Used - Missing Accessories,HOLD,1,9,Inspected
DEMO-RET-0090,DEMO-ORDER-0090,EV-DEMO-A,2026-07-18,Like New,RESTOCK,1,3,Pending Review
DEMO-RET-0091,DEMO-ORDER-0091,EV-DEMO-C,2026-07-09,Like New,RESTOCK,1,3,Inspected
DEMO-RET-0092,DEMO-ORDER-0092,EV-DEMO-A,2026-07-04,Damaged,HOLD,1,9,Inspected
DEMO-RET-0093,DEMO-ORDER-0093,EV-DEMO-D,2026-08-18,Damaged,HOLD,1,4,Closed
DEMO-RET-0094,DEMO-ORDER-0094,EV-DEMO-C,2026-08-19,Like New,HOLD,1,3,Inspected
DEMO-RET-0095,DEMO-ORDER-0095,EV-DEMO-A,2026-07-12,Like New,RESTOCK,1,27,Closed
DEMO-RET-0096,DEMO-ORDER-0096,EV-DEMO-B,2026-07-02,Used - Missing Accessories,HOLD,1,35,Received
