date,sku,type,quantity,reference
2026-09-24,GL-001,OUT,3,DEMO-MOV-0001
2026-09-21,GL-001,OUT,4,DEMO-MOV-0002
2026-09-20,GL-001,OUT,4,DEMO-MOV-0003
2026-10-04,GL-001,IN,16,DEMO-MOV-0004
2026-09-03,GL-001,OUT,5,DEMO-MOV-0005
2026-10-04,GL-001,IN,26,DEMO-MOV-0006
2026-09-01,GL-001,OUT,6,DEMO-MOV-0007
2026-09-07,GL-001,IN,14,DEMO-MOV-0008
2026-10-02,GL-001,IN,26,DEMO-MOV-0009
2026-09-05,GL-001,IN,13,DEMO-MOV-0010
2026-10-07,GL-001,OUT,3,DEMO-MOV-0011
2026-09-29,GL-001,IN,13,DEMO-MOV-0012
2026-09-23,GL-001,OUT,5,DEMO-MOV-0013
2026-09-15,GL-001,IN,19,DEMO-MOV-0014
2026-09-29,GL-001,IN,26,DEMO-MOV-0015
2026-10-05,GL-001,OUT,7,DEMO-MOV-0016
2026-09-08,GL-001,OUT,6,DEMO-MOV-0017
2026-09-19,GL-001,OUT,6,DEMO-MOV-0018
2026-09-25,GL-001,OUT,2,DEMO-MOV-0019
2026-10-04,GL-001,IN,13,DEMO-MOV-0020
2026-09-17,GL-001,OUT,6,DEMO-MOV-0021
2026-09-20,GL-001,OUT,7,DEMO-MOV-0022
2026-09-04,GL-002,IN,19,DEMO-MOV-0023
2026-10-06,GL-002,OUT,2,DEMO-MOV-0024
2026-09-15,GL-002,OUT,1,DEMO-MOV-0025
2026-09-02,GL-002,OUT,6,DEMO-MOV-0026
2026-09-20,GL-002,OUT,2,DEMO-MOV-0027
2026-09-02,GL-002,OUT,4,DEMO-MOV-0028
2026-09-16,GL-002,OUT,4,DEMO-MOV-0029
2026-09-16,GL-002,OUT,5,DEMO-MOV-0030
2026-09-01,GL-002,OUT,7,DEMO-MOV-0031
2026-09-19,GL-002,OUT,1,DEMO-MOV-0032
2026-09-25,GL-002,OUT,6,DEMO-MOV-0033
2026-09-28,GL-002,OUT,5,DEMO-MOV-0034
2026-09-26,GL-002,OUT,2,DEMO-MOV-0035
2026-09-10,GL-002,OUT,4,DEMO-MOV-0036
2026-10-06,GL-002,OUT,4,DEMO-MOV-0037
2026-09-14,GL-002,OUT,6,DEMO-MOV-0038
2026-09-13,GL-002,OUT,1,DEMO-MOV-0039
2026-09-02,GL-002,OUT,2,DEMO-MOV-0040
2026-09-03,GL-002,OUT,7,DEMO-MOV-0041
2026-09-12,GL-002,OUT,7,DEMO-MOV-0042
2026-09-24,GL-002,OUT,7,DEMO-MOV-0043
2026-09-04,GL-002,OUT,3,DEMO-MOV-0044
2026-09-08,GL-003,OUT,6,DEMO-MOV-0045
2026-09-19,GL-003,OUT,3,DEMO-MOV-0046
2026-09-07,GL-003,OUT,3,DEMO-MOV-0047
2026-09-15,GL-003,OUT,7,DEMO-MOV-0048
2026-10-01,GL-003,OUT,4,DEMO-MOV-0049
2026-09-09,GL-003,IN,15,DEMO-MOV-0050
2026-10-07,GL-003,OUT,2,DEMO-MOV-0051
2026-09-05,GL-003,OUT,6,DEMO-MOV-0052
2026-09-16,GL-003,OUT,5,DEMO-MOV-0053
2026-09-10,GL-003,OUT,6,DEMO-MOV-0054
2026-10-04,GL-003,OUT,1,DEMO-MOV-0055
2026-09-06,GL-003,OUT,7,DEMO-MOV-0056
2026-09-14,GL-003,OUT,6,DEMO-MOV-0057
2026-10-06,GL-003,OUT,3,DEMO-MOV-0058
2026-09-30,GL-003,OUT,1,DEMO-MOV-0059
2026-09-08,GL-003,OUT,3,DEMO-MOV-0060
2026-09-29,GL-003,OUT,5,DEMO-MOV-0061
2026-09-09,GL-003,IN,24,DEMO-MOV-0062
2026-09-29,GL-003,IN,10,DEMO-MOV-0063
2026-09-13,GL-003,OUT,1,DEMO-MOV-0064
2026-09-19,GL-003,OUT,7,DEMO-MOV-0065
2026-09-26,GL-003,OUT,1,DEMO-MOV-0066
2026-09-24,GL-004,OUT,3,DEMO-MOV-0067
2026-10-06,GL-004,OUT,4,DEMO-MOV-0068
2026-09-24,GL-004,OUT,1,DEMO-MOV-0069
2026-09-17,GL-004,OUT,3,DEMO-MOV-0070
2026-09-27,GL-004,OUT,7,DEMO-MOV-0071
2026-09-03,GL-004,OUT,3,DEMO-MOV-0072
2026-10-02,GL-004,IN,18,DEMO-MOV-0073
2026-09-25,GL-004,OUT,2,DEMO-MOV-0074
2026-10-04,GL-004,OUT,5,DEMO-MOV-0075
2026-09-25,GL-004,OUT,4,DEMO-MOV-0076
2026-10-02,GL-004,OUT,5,DEMO-MOV-0077
2026-09-12,GL-004,OUT,1,DEMO-MOV-0078
2026-09-19,GL-004,IN,14,DEMO-MOV-0079
2026-09-03,GL-004,IN,22,DEMO-MOV-0080
2026-09-06,GL-004,OUT,3,DEMO-MOV-0081
2026-09-04,GL-004,IN,12,DEMO-MOV-0082
2026-10-07,GL-004,OUT,7,DEMO-MOV-0083
2026-09-02,GL-004,OUT,1,DEMO-MOV-0084
2026-09-06,GL-004,IN,22,DEMO-MOV-0085
2026-10-01,GL-004,IN,12,DEMO-MOV-0086
2026-09-22,GL-004,OUT,2,DEMO-MOV-0087
2026-09-07,GL-004,OUT,3,DEMO-MOV-0088
2026-10-01,GL-005,OUT,1,DEMO-MOV-0089
2026-10-01,GL-005,OUT,1,DEMO-MOV-0090
2026-10-05,GL-005,OUT,3,DEMO-MOV-0091
2026-09-25,GL-005,IN,13,DEMO-MOV-0092
2026-09-13,GL-005,OUT,2,DEMO-MOV-0093
2026-09-10,GL-005,OUT,3,DEMO-MOV-0094
2026-09-09,GL-005,OUT,4,DEMO-MOV-0095
2026-09-05,GL-005,IN,10,DEMO-MOV-0096
2026-10-04,GL-005,OUT,5,DEMO-MOV-0097
2026-09-13,GL-005,OUT,5,DEMO-MOV-0098
2026-09-01,GL-005,IN,23,DEMO-MOV-0099
2026-09-10,GL-005,OUT,1,DEMO-MOV-0100
2026-09-16,GL-005,OUT,2,DEMO-MOV-0101
2026-09-30,GL-005,IN,25,DEMO-MOV-0102
2026-10-03,GL-005,OUT,2,DEMO-MOV-0103
2026-09-11,GL-005,OUT,3,DEMO-MOV-0104
2026-09-30,GL-005,IN,11,DEMO-MOV-0105
2026-09-19,GL-005,OUT,2,DEMO-MOV-0106
2026-09-23,GL-005,OUT,7,DEMO-MOV-0107
2026-09-07,GL-005,IN,17,DEMO-MOV-0108
2026-09-28,GL-005,OUT,3,DEMO-MOV-0109
2026-09-24,GL-005,IN,17,DEMO-MOV-0110
2026-09-27,GL-006,OUT,4,DEMO-MOV-0111
2026-09-04,GL-006,OUT,3,DEMO-MOV-0112
2026-10-01,GL-006,OUT,4,DEMO-MOV-0113
2026-09-28,GL-006,OUT,5,DEMO-MOV-0114
2026-10-03,GL-006,OUT,3,DEMO-MOV-0115
2026-09-08,GL-006,OUT,4,DEMO-MOV-0116
2026-09-17,GL-006,OUT,5,DEMO-MOV-0117
2026-09-13,GL-006,OUT,3,DEMO-MOV-0118
2026-09-04,GL-006,IN,11,DEMO-MOV-0119
2026-10-03,GL-006,IN,20,DEMO-MOV-0120
2026-09-18,GL-006,IN,14,DEMO-MOV-0121
2026-09-26,GL-006,OUT,3,DEMO-MOV-0122
2026-09-13,GL-006,OUT,1,DEMO-MOV-0123
2026-10-01,GL-006,OUT,6,DEMO-MOV-0124
2026-09-17,GL-006,OUT,6,DEMO-MOV-0125
2026-09-11,GL-006,OUT,2,DEMO-MOV-0126
2026-10-07,GL-006,IN,13,DEMO-MOV-0127
2026-09-29,GL-006,IN,10,DEMO-MOV-0128
2026-09-01,GL-006,OUT,5,DEMO-MOV-0129
2026-09-12,GL-006,OUT,7,DEMO-MOV-0130
2026-09-09,GL-006,OUT,4,DEMO-MOV-0131
2026-09-09,GL-006,OUT,5,DEMO-MOV-0132
2026-09-15,GL-007,OUT,7,DEMO-MOV-0133
2026-09-23,GL-007,OUT,4,DEMO-MOV-0134
2026-09-26,GL-007,OUT,5,DEMO-MOV-0135
2026-09-09,GL-007,OUT,1,DEMO-MOV-0136
2026-10-02,GL-007,IN,15,DEMO-MOV-0137
2026-09-29,GL-007,IN,20,DEMO-MOV-0138
2026-10-06,GL-007,OUT,3,DEMO-MOV-0139
2026-10-07,GL-007,OUT,6,DEMO-MOV-0140
2026-09-03,GL-007,OUT,4,DEMO-MOV-0141
2026-09-29,GL-007,IN,22,DEMO-MOV-0142
2026-09-25,GL-007,OUT,2,DEMO-MOV-0143
2026-09-07,GL-007,OUT,2,DEMO-MOV-0144
2026-09-04,GL-007,OUT,6,DEMO-MOV-0145
2026-09-24,GL-007,IN,10,DEMO-MOV-0146
2026-10-03,GL-007,IN,18,DEMO-MOV-0147
2026-09-28,GL-007,OUT,4,DEMO-MOV-0148
2026-10-06,GL-007,OUT,1,DEMO-MOV-0149
2026-09-02,GL-007,OUT,2,DEMO-MOV-0150
2026-09-25,GL-007,OUT,2,DEMO-MOV-0151
2026-09-27,GL-007,OUT,3,DEMO-MOV-0152
2026-09-29,GL-007,IN,17,DEMO-MOV-0153
2026-10-05,GL-007,IN,26,DEMO-MOV-0154
2026-09-17,GL-008,OUT,6,DEMO-MOV-0155
2026-10-01,GL-008,OUT,5,DEMO-MOV-0156
2026-09-18,GL-008,OUT,3,DEMO-MOV-0157
2026-09-10,GL-008,OUT,3,DEMO-MOV-0158
2026-09-23,GL-008,OUT,5,DEMO-MOV-0159
2026-09-24,GL-008,IN,18,DEMO-MOV-0160
2026-09-27,GL-008,OUT,1,DEMO-MOV-0161
2026-10-01,GL-008,OUT,6,DEMO-MOV-0162
2026-09-11,GL-008,OUT,5,DEMO-MOV-0163
2026-10-07,GL-008,OUT,3,DEMO-MOV-0164
2026-09-30,GL-008,OUT,7,DEMO-MOV-0165
2026-10-05,GL-008,OUT,2,DEMO-MOV-0166
2026-09-01,GL-008,OUT,6,DEMO-MOV-0167
2026-09-13,GL-008,IN,19,DEMO-MOV-0168
2026-09-19,GL-008,OUT,7,DEMO-MOV-0169
2026-09-22,GL-008,OUT,5,DEMO-MOV-0170
2026-09-18,GL-008,IN,24,DEMO-MOV-0171
2026-10-03,GL-008,OUT,1,DEMO-MOV-0172
2026-10-01,GL-008,OUT,7,DEMO-MOV-0173
2026-10-05,GL-008,OUT,3,DEMO-MOV-0174
2026-09-17,GL-008,OUT,5,DEMO-MOV-0175
2026-09-21,GL-008,OUT,2,DEMO-MOV-0176
